<?xml version="1.0" encoding="UTF-8"?>
<beans xmlns="http://www.springframework.org/schema/beans"
	xmlns:xsi="http://www.w3.org/2001/XMLSchema-instance"
	xmlns:p="http://www.springframework.org/schema/p"
	xmlns:tx="http://www.springframework.org/schema/tx"
	xmlns:aop="http://www.springframework.org/schema/aop"
	xsi:schemaLocation="http://www.springframework.org/schema/aop http://www.springframework.org/schema/aop/spring-aop-3.1.xsd
		http://www.springframework.org/schema/beans http://www.springframework.org/schema/beans/spring-beans-3.1.xsd
		http://www.springframework.org/schema/tx http://www.springframework.org/schema/tx/spring-tx.xsd">

	<bean
		class="org.springframework.beans.factory.config.PropertyPlaceholderConfigurer">
		<property name="locations">
			<list>
				<value>classpath:db.properties</value>
			</list>
		</property>
	</bean>

	<!-- 配置使用连接池，使用CP30连接池 -->
	<bean id="dataSource" class="com.mchange.v2.c3p0.ComboPooledDataSource"
		destroy-method="close">
		<property name="driverClass">
			<value>${db.driverClassName}</value>
		</property>
		<property name="jdbcUrl">
			<value>${db.url}</value>
		</property>
		<property name="user">
			<value>${db.user}</value>
		</property>
		<property name="password">
			<value>${db.password}</value>
		</property>
		
		<!--连接池中保留的最小连接数。 -->
		<property name="minPoolSize">
			<value>5</value>
		</property>

		<!--连接池中保留的最大连接数。Default: 15 -->
		<property name="maxPoolSize">
			<value>30</value>
		</property>

		<!--初始化时获取的连接数，取值应在minPoolSize与maxPoolSize之间。Default: 3 -->
		<property name="initialPoolSize">
			<value>10</value>
		</property>

		<!--最大空闲时间,60秒内未使用则连接被丢弃。若为0则永不丢弃。Default: 0 -->
		<property name="maxIdleTime">
			<value>60</value>
		</property>

		<!--当连接池中的连接耗尽的时候c3p0一次同时获取的连接数。Default: 3 -->
		<property name="acquireIncrement">
			<value>5</value>
		</property>

		<!--JDBC的标准参数，用以控制数据源内加载的PreparedStatements数量。但由于预缓存的statements 属于单个connection而不是整个连接池。
			所以设置这个参数需要考虑到多方面的因素。 
			如果maxStatements与maxStatementsPerConnection均为0，则缓存被关闭。Default: 0 -->
		<property name="maxStatements">
			<value>0</value>
		</property>

		<!--每120秒检查所有连接池中的空闲连接。Default: 0 -->
		<property name="idleConnectionTestPeriod">
			<value>120</value>
		</property>

		<!--定义在从数据库获取新连接失败后重复尝试的次数。Default: 30 -->
		<property name="acquireRetryAttempts">
			<value>30</value>
		</property>

		<!--获取连接失败将会引起所有等待连接池来获取连接的线程抛出异常。但是数据源仍有效 保留，并在下次调用getConnection()的时候继续尝试获取连接。如果设为true，那么在尝试 
			获取连接失败后该数据源将申明已断开并永久关闭。Default: false -->
		<property name="breakAfterAcquireFailure">
			<value>true</value>
		</property>

		<!--因性能消耗大请只在需要的时候使用它。如果设为true那么在每个connection提交的 时候都将校验其有效性。建议使用idleConnectionTestPeriod或automaticTestTable 
			等方法来提升连接测试的性能。Default: false -->
		<property name="testConnectionOnCheckout">
			<value>false</value>
		</property>
	</bean>

	
	<bean id="sessionFactory" class="org.springframework.orm.hibernate4.LocalSessionFactoryBean">
		<property name="hibernateProperties">
			<props>
				<!--<prop key="hibernate.dialect">org.hibernate.dialect.MySQL5Dialect</prop>-->
				<!-- <prop key="hibernate.dialect">org.hibernate.dialect.OracleDialect</prop> -->
				<prop key="hibernate.dialect">com.thuss.fsa.util.SqlServer2008Dialect</prop> 
				<!--<prop key="hibernate.show_sql">true</prop>
				<prop key="hibernate.format_sql">true</prop> -->
				<prop key="hibernate.use_outer_join">true</prop>
				<prop key="hibernate.jdbc.fetch_size">30</prop>
				<prop key="hibernate.jdbc.batch_size">30</prop>
				<prop key="hibernate.jdbc.batch_versioned_data">true</prop>
				<prop key="hibernate.cache.use_second_level_cache">true</prop>
				<prop key="hibernate.cache.use_query_cache">true</prop>
				<prop key="hibernate.cache.provider_class">net.sf.ehcache.hibernate.EhCacheProvider</prop>
				<prop key="hibernate.cache.region.factory_class">org.hibernate.cache.ehcache.EhCacheRegionFactory</prop>
				<prop key="hibernate.current_session_context_class">org.springframework.orm.hibernate4.SpringSessionContext</prop>
				<prop key="hibernate.hbm2ddl.auto">update</prop>
				<prop key="javax.persistence.validation.mode">none</prop>
			</props>
		</property>
		<property name="dataSource" ref="dataSource" />
		<property name="packagesToScan">
			<list>
				<value>com.thuss.fsa.model</value>  
			</list>
		</property>
	</bean>
	 	 
	<bean id="transactionManager" class="org.springframework.orm.hibernate4.HibernateTransactionManager">
		<property name="sessionFactory" ref="sessionFactory" />
	</bean>
	    <!-- 采用声明式容器管理事务一般只对service层进行处理 -->   
    <aop:config expose-proxy="true">
        <!-- 只对业务逻辑层实施事务 -->   
        <aop:pointcut id="txPointcut" expression="execution(* com.funding.daoImpl.*.*(..))"/>
        <aop:advisor advice-ref="txAdvice" pointcut-ref="txPointcut"/>  
    </aop:config>
    <tx:advice id="txAdvice" transaction-manager="transactionManager">
        <tx:attributes>
            <tx:method name="save*" propagation="REQUIRED" rollback-for="java.lang.Exception"/>  
            <tx:method name="add*" propagation="REQUIRED" rollback-for="java.lang.Exception"/>  
            <tx:method name="create*" propagation="REQUIRED" rollback-for="java.lang.Exception"/>  
            <tx:method name="insert*" propagation="REQUIRED" rollback-for="java.lang.Exception"/>  
            <tx:method name="update*" propagation="REQUIRED" rollback-for="java.lang.Exception"/>  
            <tx:method name="merge*" propagation="REQUIRED" rollback-for="java.lang.Exception"/>  
            <tx:method name="del*" propagation="REQUIRED" rollback-for="java.lang.Exception"/>  
            <tx:method name="remove*" propagation="REQUIRED" rollback-for="java.lang.Exception"/>  
            <tx:method name="put*" propagation="REQUIRED" />  
            <tx:method name="use*" propagation="REQUIRED"/>  
            <!--hibernate4必须配置为开启事务 否则 getCurrentSession()获取不到-->  
            <tx:method name="get*" propagation="REQUIRED" read-only="true" />  
            <tx:method name="count*" propagation="REQUIRED" read-only="true" />  
            <tx:method name="find*" propagation="REQUIRED" read-only="true" />  
            <tx:method name="list*" propagation="REQUIRED" read-only="true" />  
            <tx:method name="*" propagation="REQUIRED" read-only="true" rollback-for="java.lang.Exception"/>  
        </tx:attributes>
    </tx:advice>
	<!--<tx:annotation-driven transaction-manager="transactionManager" />  -->
		<bean id="foodDao" class="com.thuss.fsa.daoImpl.FoodDaoImpl">
		<property name="sessionFactory">
			<ref bean="sessionFactory" />
		</property>
	</bean>
</beans>